timestamp_ms,open,high,low,close,volume
1700000000000,100,100,100,100,1.0
1700000060000,100.133234589847,100.133234589847,100.133234589847,100.133234589847,1.0
1700000120000,100.265877245245,100.265877245245,100.265877245245,100.265877245245,1.0
1700000180000,100.39733866159,100.39733866159,100.39733866159,100.39733866159,1.0
1700000240000,100.527034782287,100.527034782287,100.527034782287,100.527034782287,1.0
1700000300000,100.654389393592,100.654389393592,100.654389393592,100.654389393592,1.0
1700000360000,100.778836684617,100.778836684617,100.778836684617,100.778836684617,1.0
1700000420000,100.899823761112,100.899823761112,100.899823761112,100.899823761112,1.0
1700000480000,101.016813101863,101.016813101863,101.016813101863,101.016813101863,1.0
1700000540000,101.12928494679,101.12928494679,101.12928494679,101.12928494679,1.0
1700000600000,101.236739606139,101.236739606139,101.236739606139,101.236739606139,1.0
1700000660000,101.338699680501,101.338699680501,101.338699680501,101.338699680501,1.0
1700000720000,101.434712181799,101.434712181799,101.434712181799,101.434712181799,1.0
1700000780000,101.524350545828,101.524350545828,101.524350545828,101.524350545828,1.0
1700000840000,101.607216527389,101.607216527389,101.607216527389,101.607216527389,1.0
1700000900000,101.682941969616,101.682941969616,101.682941969616,101.682941969616,1.0
1700000960000,101.75119043962,101.75119043962,101.75119043962,101.75119043962,1.0
1700001020000,101.811658723195,101.811658723195,101.811658723195,101.811658723195,1.0
1700001080000,101.864078171934,101.864078171934,101.864078171934,101.864078171934,1.0
1700001140000,101.908215896786,101.908215896786,101.908215896786,101.908215896786,1.0
1700001200000,101.943875802727,101.943875802727,101.943875802727,101.943875802727,1.0
1700001260000,101.970899459977,101.970899459977,101.970899459977,101.970899459977,1.0
1700001320000,101.98916680787,101.98916680787,101.98916680787,101.98916680787,1.0
1700001380000,101.998596688259,101.998596688259,101.998596688259,101.998596688259,1.0
1700001440000,101.999147206083,101.999147206083,101.999147206083,101.999147206083,1.0
1700001500000,101.990815915504,101.990815915504,101.990815915504,101.990815915504,1.0
1700001560000,101.973639830766,101.973639830766,101.973639830766,101.973639830766,1.0
1700001620000,101.947695261756,101.947695261756,101.947695261756,101.947695261756,1.0
1700001680000,101.913097474969,101.913097474969,101.913097474969,101.913097474969,1.0
1700001740000,101.870000181402,101.870000181402,101.870000181402,101.870000181402,1.0
1700001800000,101.818594853651,101.818594853651,101.818594853651,101.818594853651,1.0
1700001860000,101.759109875235,101.759109875235,101.759109875235,101.759109875235,1.0
1700001920000,101.691809525932,101.691809525932,101.691809525932,101.691809525932,1.0
1700001980000,101.616992807639,101.616992807639,101.616992807639,101.616992807639,1.0
1700002040000,101.534992115968,101.534992115968,101.534992115968,101.534992115968,1.0
1700002100000,101.446171763477,101.446171763477,101.446171763477,101.446171763477,1.0
1700002160000,101.350926361102,101.350926361102,101.350926361102,101.350926361102,1.0
1700002220000,101.249679064985,101.249679064985,101.249679064985,101.249679064985,1.0
1700002280000,101.142879696471,101.142879696471,101.142879696471,101.142879696471,1.0
1700002340000,101.031002743643,101.031002743643,101.031002743643,101.031002743643,1.0
1700002400000,100.914545253272,100.914545253272,100.914545253272,100.914545253272,1.0
1700002460000,100.794024622531,100.794024622531,100.794024622531,100.794024622531,1.0
1700002520000,100.669976300312,100.669976300312,100.669976300312,100.669976300312,1.0
1700002580000,100.542951408325,100.542951408325,100.542951408325,100.542951408325,1.0
1700002640000,100.413514292582,100.413514292582,100.413514292582,100.413514292582,1.0
1700002700000,100.28224001612,100.28224001612,100.28224001612,100.28224001612,1.0
1700002760000,100.14971180411,100.14971180411,100.14971180411,100.14971180411,1.0
1700002820000,100.016518452707,100.016518452707,100.016518452707,100.016518452707,1.0
1700002880000,99.8832517131448,99.8832517131448,99.8832517131448,99.8832517131448,1.0
1700002940000,99.7505036627082,99.7505036627082,99.7505036627082,99.7505036627082,1.0
1700003000000,99.618864074249,99.618864074249,99.618864074249,99.618864074249,1.0
1700003060000,99.4889177959463,99.4889177959463,99.4889177959463,99.4889177959463,1.0
1700003120000,99.3612421529431,99.3612421529431,99.3612421529431,99.3612421529431,1.0
1700003180000,99.2364043824072,99.2364043824072,99.2364043824072,99.2364043824072,1.0
1700003240000,99.1149591134103,99.1149591134103,99.1149591134103,99.1149591134103,1.0
1700003300000,98.9974459028233,98.9974459028233,98.9974459028233,98.9974459028233,1.0
1700003360000,98.8843868381734,98.8843868381734,98.8843868381734,98.8843868381734,1.0
1700003420000,98.7762842181146,98.7762842181146,98.7762842181146,98.7762842181146,1.0
1700003480000,98.6736183208155,98.6736183208155,98.6736183208155,98.6736183208155,1.0
1700003540000,98.5768452701808,98.5768452701808,98.5768452701808,98.5768452701808,1.0
1700003600000,98.4863950093841,98.4863950093841,98.4863950093841,98.4863950093841,1.0
1700003660000,98.4026693907173,98.4026693907173,98.4026693907173,98.4026693907173,1.0
1700003720000,98.3260403902416,98.3260403902416,98.3260403902416,98.3260403902416,1.0
1700003780000,98.2568484551728,98.2568484551728,98.2568484551728,98.2568484551728,1.0
1700003840000,98.1954009913431,98.1954009913431,98.1954009913431,98.1954009913431,1.0
1700003900000,98.1419709974585,98.1419709974585,98.1419709974585,98.1419709974585,1.0
1700003960000,98.096795852221,98.096795852221,98.096795852221,98.096795852221,1.0
1700004020000,98.0600762597025,98.0600762597025,98.0600762597025,98.0600762597025,1.0
1700004080000,98.0319753576571,98.0319753576571,98.0319753576571,98.0319753576571,1.0
1700004140000,98.0126179927331,98.0126179927331,98.0126179927331,98.0126179927331,1.0
1700004200000,98.0020901658041,98.0020901658041,98.0020901658041,98.0020901658041,1.0
1700004260000,98.000438649885,98.000438649885,98.000438649885,98.000438649885,1.0
1700004320000,98.0076707823283,98.0076707823283,98.0076707823283,98.0076707823283,1.0
1700004380000,98.0237544322262,98.0237544322262,98.0237544322262,98.0237544322262,1.0
1700004440000,98.0486181431613,98.0486181431613,98.0486181431613,98.0486181431613,1.0
1700004500000,98.0821514506737,98.0821514506737,98.0821514506737,98.0821514506737,1.0
1700004560000,98.1242053730318,98.1242053730318,98.1242053730318,98.1242053730318,1.0
1700004620000,98.1745930731282,98.1745930731282,98.1745930731282,98.1745930731282,1.0
1700004680000,98.2330906885597,98.2330906885597,98.2330906885597,98.2330906885597,1.0
1700004740000,98.2994383262024,98.2994383262024,98.2994383262024,98.2994383262024,1.0
1700004800000,98.3733412168648,98.3733412168648,98.3733412168648,98.3733412168648,1.0
1700004860000,98.454471024888,98.454471024888,98.454471024888,98.454471024888,1.0
1700004920000,98.5424673068746,98.5424673068746,98.5424673068746,98.5424673068746,1.0
1700004980000,98.6369391130664,98.6369391130664,98.6369391130664,98.6369391130664,1.0
1700005040000,98.7374667242554,98.7374667242554,98.7374667242554,98.7374667242554,1.0
1700005100000,98.8436035165114,98.8436035165114,98.8436035165114,98.8436035165114,1.0
1700005160000,98.9548779454427,98.9548779454427,98.9548779454427,98.9548779454427,1.0
1700005220000,99.0707956411725,99.0707956411725,99.0707956411725,99.0707956411725,1.0
1700005280000,99.1908416047247,99.1908416047247,99.1908416047247,99.1908416047247,1.0
1700005340000,99.3144824960608,99.3144824960608,99.3144824960608,99.3144824960608,1.0
1700005400000,99.4411690036021,99.4411690036021,99.4411690036021,99.4411690036021,1.0
1700005460000,99.5703382847107,99.5703382847107,99.5703382847107,99.5703382847107,1.0
1700005520000,99.7014164662854,99.7014164662854,99.7014164662854,99.7014164662854,1.0
1700005580000,99.833821194365,99.833821194365,99.833821194365,99.833821194365,1.0
1700005640000,99.9669642214093,99.9669642214093,99.9669642214093,99.9669642214093,1.0
1700005700000,100.100254019764,100.100254019764,100.100254019764,100.100254019764,1.0
1700005760000,100.233098409701,100.233098409701,100.233098409701,100.233098409701,1.0
1700005820000,100.36490719035,100.36490719035,100.36490719035,100.36490719035,1.0
1700005880000,100.495094761845,100.495094761845,100.495094761845,100.495094761845,1.0
1700005940000,100.623082727027,100.623082727027,100.623082727027,100.623082727027,1.0
1700006000000,100.748302461142,100.748302461142,100.748302461142,100.748302461142,1.0
1700006060000,100.870197638133,100.870197638133,100.870197638133,100.870197638133,1.0
1700006120000,100.988226702277,100.988226702277,100.988226702277,100.988226702277,1.0
1700006180000,101.101865274214,101.101865274214,101.101865274214,101.101865274214,1.0
1700006240000,101.210608480656,101.210608480656,101.210608480656,101.210608480656,1.0
1700006300000,101.313973197438,101.313973197438,101.313973197438,101.313973197438,1.0
1700006360000,101.41150019594,101.41150019594,101.41150019594,101.41150019594,1.0
1700006420000,101.502756183351,101.502756183351,101.502756183351,101.502756183351,1.0
1700006480000,101.587335727698,101.587335727698,101.587335727698,101.587335727698,1.0
1700006540000,101.6648630591,101.6648630591,101.6648630591,101.6648630591,1.0
1700006600000,101.734993739238,101.734993739238,101.734993739238,101.734993739238,1.0
1700006660000,101.797416191623,101.797416191623,101.797416191623,101.797416191623,1.0
1700006720000,101.851853085873,101.851853085873,101.851853085873,101.851853085873,1.0
1700006780000,101.89806256983,101.89806256983,101.89806256983,101.89806256983,1.0
1700006840000,101.935839344063,101.935839344063,101.935839344063,101.935839344063,1.0
1700006900000,101.965015573973,101.965015573973,101.965015573973,101.965015573973,1.0
1700006960000,101.985461635446,101.985461635446,101.985461635446,101.985461635446,1.0
1700007020000,101.997086690749,101.997086690749,101.997086690749,101.997086690749,1.0
1700007080000,101.999839092103,101.999839092103,101.999839092103,101.999839092103,1.0
1700007140000,101.993706611143,101.993706611143,101.993706611143,101.993706611143,1.0
1700007200000,101.978716493247,101.978716493247,101.978716493247,101.978716493247,1.0
1700007260000,101.954935336489,101.954935336489,101.954935336489,101.954935336489,1.0
1700007320000,101.922468795759,101.922468795759,101.922468795759,101.922468795759,1.0
1700007380000,101.88146111336,101.88146111336,101.88146111336,101.88146111336,1.0
1700007440000,101.832094478164,101.832094478164,101.832094478164,101.832094478164,1.0
1700007500000,101.774588216189,101.774588216189,101.774588216189,101.774588216189,1.0
1700007560000,101.709197816177,101.709197816177,101.709197816177,101.709197816177,1.0
1700007620000,101.636213794503,101.636213794503,101.636213794503,101.636213794503,1.0
1700007680000,101.555960404477,101.555960404477,101.555960404477,101.555960404477,1.0
1700007740000,101.468794195748,101.468794195748,101.468794195748,101.468794195748,1.0
